"﻿""Persoonskenmerken""",Marges,Perioden,"Rookgedrag, 12 jaar of ouder/Rookstatus/Rokers (%)","Rookgedrag, 12 jaar of ouder/Rookstatus/Ex-rokers (%)","Rookgedrag, 12 jaar of ouder/Rookstatus/Nooit-rokers (%)","Rookgedrag, 12 jaar of ouder/Rokers/Dagelijkse rokers onder bevolking (%)","Rookgedrag, 12 jaar of ouder/Rokers/Dagelijkse rokers onder rokers (%)","Rookgedrag, 12 jaar of ouder/Rokers/Zware rokers onder bevolking (%)","Rookgedrag, 12 jaar of ouder/Rokers/Zware rokers onder rokers (%)","Rookgedrag, 12 jaar of ouder/Sigarettenrokers/Sigarettenrokers (%)","Rookgedrag, 12 jaar of ouder/Sigarettenrokers/Sigaretten per dag per roker  (aantal)","Rookgedrag, 12 jaar of ouder/Sigarettenrokers/Rookjaren huidige sigarettenrokers (aantal)","Rookgedrag, 12 jaar of ouder/Sigarettenrokers/Stoppoging in afgelopen 12 maanden (%)","Rookgedrag, 12 jaar of ouder/Ex-sigarettenrokers/Rookjaren ex-sigarettenrokers (aantal)","Rookgedrag, 12 jaar of ouder/Ex-sigarettenrokers/Stopjaren ex-sigarettenrokers (aantal)",Meeroken onder niet-rokers/(Bijna) nooit (%),"Alcoholgebruik, 12 jaar of ouder/Drinkers/Glazen alcohol per dag per drinker (aantal)","Drugsgebruik, 12 jaar of ouder/Cannabisgebruik/Afgelopen jaar (%)","Drugsgebruik, 12 jaar of ouder/Amfetaminegebruik/Afgelopen jaar (%)","Drugsgebruik, 12 jaar of ouder/Ecstasygebruik/Afgelopen jaar (%)","Drugsgebruik, 12 jaar of ouder/Cocaïnegebruik/Afgelopen jaar (%)","Drugsgebruik, 12 jaar of ouder/Gebruik overige drugs/Afgelopen jaar (%)","Drugsgebruik, 12 jaar of ouder/Drugsgebruik totaal/Afgelopen jaar (%)","Lengte en gewicht/Opgegeven gewicht, 18 jaar of ouder (aantal)"
Totaal personen,Waarde,2016,    22.7,    29.8,    47.5,    17.3,    76.3,     3.7,    16.4,    21.0,    10.5,    26.8,    33.2,    18.7,    20.0,,     1.2,     6.5,     1.3,     2.7,     1.6,     1.5,     8.2,    77.6
Geslacht: Mannen,Waarde,2016,    27.0,    30.8,    42.2,    20.1,    74.3,     4.3,    15.9,    24.0,    10.6,    25.6,    32.9,    19.7,    20.3,,     1.5,     8.6,     1.9,     3.5,     2.4,     2.2,    10.6,    84.2
Geslacht: Vrouwen,Waarde,2016,    18.5,    28.8,    52.7,    14.6,    79.1,     3.2,    17.1,    18.1,    10.4,    28.3,    33.5,    17.7,    19.7,,     0.9,     4.4,     0.7,     2.0,     0.8,     0.8,     5.8,    71.0
Leeftijd: 0 tot 4 jaar,Waarde,2016,,,,,,,,,,,,,,,,,,,,,,
Leeftijd: 4 tot 12 jaar,Waarde,2016,,,,,,,,,,,,,,,,,,,,,,
Leeftijd: 12 tot 16 jaar,Waarde,2016,     3.3,     1.7,    94.9,     1.0,,     0.0,,     2.7,,,,,,,,     2.7,     0.7,     0.2,     0.0,     0.7,     3.1,
Leeftijd: 16 tot 20 jaar,Waarde,2016,    20.5,     4.7,    74.8,    11.1,,     0.7,,    18.9,,,,,,,     1.1,    15.1,     2.8,     5.8,     1.3,     3.2,    16.0,    68.5
Leeftijd: 20 tot 30 jaar,Waarde,2016,    28.5,    13.0,    58.6,    19.2,    67.4,     2.6,     9.1,    27.8,     8.6,     8.9,    33.2,     5.5,     3.7,,     1.4,    18.9,     5.1,    10.2,     5.2,     5.6,    24.1,    74.2
Leeftijd: 30 tot 40 jaar,Waarde,2016,    29.1,    23.5,    47.5,    21.1,    72.5,     4.1,    14.2,    28.0,     9.1,    18.0,    35.8,     9.9,     8.3,,     1.1,     9.2,     1.5,     3.5,     2.8,     1.5,    12.2,    77.3
Leeftijd: 40 tot 50 jaar,Waarde,2016,    26.3,    28.5,    45.3,    21.2,    80.9,     6.3,    24.0,    24.9,    11.9,    27.7,    30.5,    14.5,    12.9,,     1.1,     5.3,     0.5,     1.9,     1.4,     0.3,     6.9,    79.9
Leeftijd: 50 tot 55 jaar,Waarde,2016,    28.0,    28.6,    43.4,    23.2,    82.8,     5.6,    20.1,    24.9,    12.6,    35.4,    39.3,    18.6,    16.8,,     1.1,     2.5,     0.3,     0.7,     0.4,     1.1,     3.4,    80.3
Leeftijd: 55 tot 65 jaar,Waarde,2016,    24.7,    45.6,    29.8,    20.9,    84.8,     5.1,    20.9,    22.6,    12.3,    42.1,    28.9,    20.7,    22.5,,     1.5,     1.6,     0.0,     0.1,     0.3,     0.4,     2.0,    79.2
Leeftijd: 65 tot 75 jaar,Waarde,2016,    16.0,    51.6,    32.4,    13.0,    81.6,     2.8,    17.5,    12.9,    11.8,    50.4,    35.4,    23.9,    28.0,,     1.4,     0.9,     0.3,     0.3,     0.1,     0.3,     1.2,    79.4
Leeftijd: 75 jaar of ouder,Waarde,2016,    10.3,    48.6,    41.1,     8.9,,     1.1,,     8.5,,,,    28.3,    33.6,,     1.1,     0.4,     0.2,     0.2,     0.3,     0.3,     0.7,    73.5
Leeftijd: 0 tot 12 jaar,Waarde,2016,,,,,,,,,,,,,,,,,,,,,,
Leeftijd: 12 tot 18 jaar,Waarde,2016,     7.5,     2.6,    89.9,     3.7,,     0.0,,     6.2,,,,,,,     0.7,     5.2,     0.6,     0.7,     0.0,     1.0,     5.7,
Leeftijd: 18 jaar of ouder,Waarde,2016,    24.1,    32.3,    43.5,    18.6,    77.1,     4.1,    16.9,    22.4,    10.7,    27.5,    33.0,    18.9,    20.1,,     1.3,     6.6,     1.4,     2.9,     1.7,     1.5,     8.4,    77.6
Herkomst: geboren in Nederland,Waarde,2016,    22.2,    31.1,    46.7,    16.7,    75.2,     3.4,    15.4,    20.5,    10.4,    27.2,    33.7,    18.9,    20.2,,     1.3,     6.1,     1.4,     3.0,     1.7,     1.5,     7.9,    78.1
"Herkomst: geb. in NL, ouders in NL",Waarde,2016,    21.8,    32.4,    45.7,    16.6,    76.0,     3.5,    15.9,    20.1,    10.6,    28.1,    33.6,    19.0,    20.5,,     1.3,     5.5,     1.3,     2.8,     1.5,     1.5,     7.3,    78.4
"Herkomst: geb. in NL, ouder(s) buiten NL",Waarde,2016,    25.3,    20.6,    54.1,    17.6,    69.7,     3.0,    12.0,    24.0,     9.2,    21.6,    34.6,    18.2,    15.7,,     1.3,    10.3,     2.3,     4.4,     2.9,     2.2,    12.7,    74.7
"Herkomst: geb. in NL, ouder(s) in Europa",Waarde,2016,    20.5,    28.4,    51.1,    13.4,,     3.8,,    18.6,,,,,,,     1.2,     6.3,     1.3,     1.7,     1.9,     2.0,     7.8,    75.2
"Herkomst: geb. NL, ouder(s) buit. Europa",Waarde,2016,    28.0,    16.2,    55.8,    20.0,    71.5,     2.5,     9.1,    27.0,     9.0,    19.2,    36.2,,,,     1.3,    12.5,     2.9,     6.0,     3.5,     2.3,    15.5,    74.3
Herkomst: geboren buiten Nederland,Waarde,2016,    26.2,    20.6,    53.2,    21.7,    83.0,     5.8,    22.1,    24.7,    11.3,    24.6,    30.3,    16.8,    18.0,,     1.0,     9.4,     0.5,     1.1,     1.0,     1.2,    10.0,    74.3
Herkomst: geboren in Europa (excl. NL),Waarde,2016,    26.2,    30.9,    42.9,    20.9,,     7.9,,    25.0,,,,,,,     0.9,     9.6,     0.4,     1.5,     0.8,     0.9,    11.3,    76.0
Herkomst: geboren buiten Europa,Waarde,2016,    26.2,    17.0,    56.8,    22.0,    84.1,     5.1,    19.3,    24.5,    10.9,    25.3,    32.5,,,,     1.0,     9.3,     0.5,     0.9,     1.0,     1.3,     9.5,    73.7
Positie: alleenstaande <40 jaar,Waarde,2016,    34.1,    12.4,    53.5,    23.7,    69.4,     4.1,    12.3,    33.1,     8.9,    12.8,    29.2,,,,     1.6,    22.2,     6.4,    12.3,     6.3,     6.4,    28.4,    74.5
Positie: alleenstaande 40 tot 65 jaar,Waarde,2016,    37.9,    28.2,    33.9,    32.0,    84.5,     9.8,    26.1,    35.3,    12.7,    35.5,    34.6,    22.7,    15.6,,     1.4,     8.5,     0.6,     1.8,     2.8,     1.6,     9.9,    79.4
Positie: alleenstaande >=65 jaar,Waarde,2016,    17.6,    42.9,    39.5,    15.5,,     3.1,,    15.4,,,,    25.7,    31.1,,     1.1,     0.9,     0.0,     0.0,     0.0,     0.2,     1.1,    74.5
"Positie: kind <18 jaar, eenoudergezin",Waarde,2016,    14.0,     0.9,    85.1,    10.1,,     0.0,,    12.3,,,,,,,,     7.2,     0.7,     1.1,     0.0,     0.8,     8.1,
Positie: kind >= 18 jaar eenoudergezin,Waarde,2016,    33.4,    11.8,    54.8,    23.2,,     1.8,,    32.6,,,,,,,,    28.4,     2.8,     7.9,     4.5,     6.0,    28.4,    71.2
Positie: kind <18 jaar bij paar,Waarde,2016,     5.8,     3.1,    91.1,     2.0,,     0.0,,     4.7,,,,,,,     0.8,     4.8,     0.6,     0.7,     0.0,     1.1,     5.1,
Positie: kind >=18 jaar bij paar,Waarde,2016,    24.9,     8.2,    66.8,    15.0,    60.2,     2.5,    10.0,    24.6,     7.7,     6.6,    26.7,,,,     1.4,    16.2,     4.4,     8.5,     3.6,     4.6,    20.4,    74.3
Positie: ouder in eenoudergezin,Waarde,2016,    35.2,    25.7,    39.2,    30.3,,     8.2,,    34.8,,,,,,,     1.1,     4.2,     1.6,     2.1,     1.1,     0.3,     5.5,    76.0
Positie: partner in paar met kind,Waarde,2016,    23.1,    31.5,    45.4,    17.7,    76.6,     3.7,    16.1,    21.6,    10.3,    26.8,    35.7,    14.1,    14.6,,     1.1,     2.8,     0.4,     1.0,     0.6,     0.1,     3.8,    79.5
"Positie: partner paar <40, geen kind",Waarde,2016,    24.6,    20.5,    55.0,    17.2,,     2.7,,    23.8,,,,,,,     1.1,    10.9,     2.1,     6.8,     4.3,     2.8,    17.6,    76.3
"Positie: partner paar 40-65, geen kind",Waarde,2016,    22.4,    43.1,    34.4,    18.4,    82.1,     4.4,    19.8,    19.9,    12.4,    38.7,    34.9,    19.6,    21.7,,     1.4,     2.5,     0.0,     0.6,     0.2,     0.5,     3.1,    79.5
"Positie: partner paar >=65, geen kind",Waarde,2016,    11.6,    54.3,    34.1,     9.4,    81.1,     1.6,    14.2,     8.7,,,,    25.5,    29.9,,     1.3,     0.4,     0.2,     0.2,     0.2,     0.1,     0.6,    78.2
Positie: overig lid,Waarde,2016,    31.6,    20.7,    47.7,    23.0,,     5.9,,    30.4,,,,,,,     1.5,    19.6,     5.4,     9.3,     6.0,     6.7,    23.0,    73.6
Laag onderwijsniveau,Waarde,2016,    28.9,    35.8,    35.3,    25.0,    86.6,     6.0,    20.9,    27.0,    12.2,    35.0,    31.3,    23.4,    23.0,,     1.3,     4.7,     0.8,     1.2,     1.2,     0.9,     5.5,    78.3
Middelbaar onderwijsniveau,Waarde,2016,    25.4,    34.8,    39.8,    21.2,    83.4,     5.2,    20.3,    23.9,    11.7,    28.9,    32.4,    18.5,    19.8,,     1.2,     4.6,     0.7,     1.5,     1.2,     0.6,     6.2,    79.4
Hoog onderwijsniveau,Waarde,2016,    16.6,    34.6,    48.8,    10.1,    60.9,     1.8,    10.8,    14.3,     8.2,    26.9,    36.3,    16.2,    19.3,,     1.2,     5.5,     1.1,     3.0,     1.9,     1.1,     7.5,    76.8
Vermogen: 1e 20%-groep,Waarde,2016,    27.9,    27.2,    44.9,    20.1,    72.1,     3.6,    12.8,    26.5,     9.9,    22.7,    35.3,    15.2,    11.1,,     1.2,     8.8,     2.2,     4.4,     1.9,     1.7,    11.4,    79.2
Vermogen: 2e 20%-groep,Waarde,2016,    37.1,    21.4,    41.5,    32.2,    86.9,     8.6,    23.2,    35.0,    12.0,    27.7,    32.4,    20.5,    17.1,,     1.3,    11.7,     1.6,     3.5,     3.2,     2.2,    13.8,    77.2
Vermogen: 3e 20%-groep,Waarde,2016,    22.4,    29.3,    48.3,    18.2,    81.0,     4.5,    19.9,    20.7,    11.5,    28.8,    31.4,    20.9,    18.6,,     1.2,     5.7,     1.1,     2.4,     1.9,     1.8,     7.5,    76.8
Vermogen: 4e 20%-groep,Waarde,2016,    18.7,    33.2,    48.1,    13.3,    71.4,     2.6,    13.8,    17.1,     9.7,    27.8,    32.8,    18.9,    22.6,,     1.2,     3.8,     1.0,     1.9,     0.7,     1.0,     4.9,    78.1
Vermogen: 5e 20%-groep,Waarde,2016,    13.0,    34.9,    52.1,     8.6,    66.2,     1.3,    10.2,    11.2,     9.0,    30.3,    32.2,    19.3,    26.1,,     1.3,     3.7,     0.7,     1.7,     0.8,     1.2,     4.8,    76.5
Totaal personen,Waarde,2017,    21.7,    30.1,    48.2,    16.1,    74.3,     3.3,    15.4,    19.8,    10.2,    26.3,    37.0,    19.2,    20.1,,     1.3,     7.1,     1.4,     2.5,     1.7,     1.7,     8.5,    77.7
Geslacht: Mannen,Waarde,2017,    25.3,    31.0,    43.7,    18.7,    73.8,     4.0,    15.8,    22.3,    10.5,    25.4,    38.1,    20.3,    20.0,,     1.6,     9.4,     1.8,     3.1,     2.3,     2.4,    11.0,    84.6
Geslacht: Vrouwen,Waarde,2017,    18.1,    29.3,    52.5,    13.6,    74.9,     2.7,    14.9,    17.5,     9.8,    27.5,    35.7,    18.1,    20.3,,     0.9,     4.8,     0.9,     2.0,     1.1,     1.0,     6.2,    71.0
Leeftijd: 0 tot 4 jaar,Waarde,2017,,,,,,,,,,,,,,,,,,,,,,
Leeftijd: 4 tot 12 jaar,Waarde,2017,,,,,,,,,,,,,,,,,,,,,,
Leeftijd: 12 tot 16 jaar,Waarde,2017,     1.6,     1.4,    97.0,     0.9,,     0.0,,     1.4,,,,,,,,     1.7,     0.5,     0.3,     0.3,     0.5,     2.1,
Leeftijd: 16 tot 20 jaar,Waarde,2017,    19.3,     5.1,    75.6,     8.7,,     1.4,,    19.1,,,,,,,     1.2,    19.4,     2.1,     3.0,     0.8,     3.4,    20.2,    68.8
Leeftijd: 20 tot 30 jaar,Waarde,2017,    30.9,    11.7,    57.4,    18.4,    59.7,     2.3,     7.6,    28.5,     7.7,     8.2,    40.1,     5.4,     3.4,,     1.4,    21.6,     5.7,    10.5,     6.9,     6.2,    26.4,    73.6
Leeftijd: 30 tot 40 jaar,Waarde,2017,    26.6,    23.7,    49.7,    19.1,    71.6,     3.4,    12.8,    25.3,     9.6,    17.7,    40.8,    10.3,     8.2,,     1.2,     8.9,     1.6,     3.4,     2.7,     1.7,    11.2,    77.3
Leeftijd: 40 tot 50 jaar,Waarde,2017,    25.6,    26.2,    48.1,    19.9,    77.7,     5.2,    20.3,    23.3,    11.1,    27.2,    36.1,    15.4,    12.2,,     1.2,     4.7,     0.4,     1.5,     1.0,     1.0,     6.0,    80.5
Leeftijd: 50 tot 55 jaar,Waarde,2017,    24.7,    31.7,    43.5,    20.8,    84.1,     6.0,    24.3,    22.3,    12.1,    35.3,    33.6,    19.0,    16.4,,     1.2,     3.8,     0.7,     0.7,     0.6,     0.9,     4.6,    80.4
Leeftijd: 55 tot 65 jaar,Waarde,2017,    22.9,    45.2,    31.9,    19.4,    84.4,     4.1,    18.0,    20.6,    11.7,    41.6,    37.3,    21.2,    22.2,,     1.4,     2.4,     0.2,     0.4,     0.2,     0.3,     2.9,    79.8
Leeftijd: 65 tot 75 jaar,Waarde,2017,    15.4,    53.0,    31.6,    13.6,    88.3,     3.3,    21.4,    13.5,    13.0,    51.7,    26.9,    24.2,    27.3,,     1.5,     0.3,     0.1,     0.0,     0.0,     0.1,     0.5,    79.2
Leeftijd: 75 jaar of ouder,Waarde,2017,     8.6,    53.2,    38.2,     7.7,,     0.8,,     7.4,,,,    27.2,    34.6,,     1.2,     0.6,     0.0,     0.2,     0.0,     0.2,     0.8,    74.2
Leeftijd: 0 tot 12 jaar,Waarde,2017,,,,,,,,,,,,,,,,,,,,,,
Leeftijd: 12 tot 18 jaar,Waarde,2017,     6.2,     2.4,    91.4,     3.8,,     0.8,,     6.1,,,,,,,     0.8,     6.2,     0.5,     0.4,     0.2,     1.1,     6.5,
Leeftijd: 18 jaar of ouder,Waarde,2017,    23.1,    32.6,    44.3,    17.2,    74.6,     3.6,    15.5,    21.1,    10.2,    26.9,    36.7,    19.3,    20.2,,     1.3,     7.2,     1.4,     2.7,     1.8,     1.7,     8.7,    77.7
Herkomst: geboren in Nederland,Waarde,2017,    21.1,    31.2,    47.7,    15.6,    73.8,     3.2,    15.2,    19.4,    10.1,    26.4,    36.2,    19.5,    20.5,,     1.3,     7.1,     1.4,     2.7,     1.8,     1.7,     8.7,    78.2
"Herkomst: geb. in NL, ouders in NL",Waarde,2017,    21.2,    32.1,    46.8,    15.7,    74.0,     3.3,    15.5,    19.4,    10.2,    26.8,    36.8,    19.5,    20.7,,     1.3,     6.6,     1.5,     2.7,     1.9,     1.7,     8.3,    78.6
"Herkomst: geb. in NL, ouder(s) buiten NL",Waarde,2017,    20.8,    24.2,    55.0,    15.0,    71.9,     2.7,    13.0,    19.1,     9.3,    23.0,    31.3,    19.1,    18.0,,     1.2,    11.5,     0.8,     3.0,     1.2,     1.8,    12.3,    74.3
"Herkomst: geb. in NL, ouder(s) in Europa",Waarde,2017,    22.3,    34.8,    42.9,    15.6,,     4.5,,    20.4,,,,    22.4,,,     1.2,    10.2,     0.7,     2.1,     1.5,     0.7,    10.2,    76.7
"Herkomst: geb. NL, ouder(s) buit. Europa",Waarde,2017,    19.9,    17.9,    62.2,    14.6,,     1.6,,    18.4,,,,,,,     1.1,    12.3,     0.8,     3.5,     1.1,     2.5,    13.5,    72.6
Herkomst: geboren buiten Nederland,Waarde,2017,    25.5,    22.8,    51.7,    19.6,    77.1,     4.2,    16.4,    23.2,    10.7,    26.1,    41.8,    17.2,    17.0,,     1.0,     6.7,     0.8,     1.3,     1.0,     1.2,     7.5,    74.6
Herkomst: geboren in Europa (excl. NL),Waarde,2017,    29.8,    30.6,    39.6,    23.7,,     7.4,,    28.9,,,,,,,     1.1,     9.3,     0.4,     1.2,     1.3,     2.1,    10.6,    75.7
Herkomst: geboren buiten Europa,Waarde,2017,    23.7,    19.7,    56.6,    18.0,    75.9,     2.9,    12.0,    20.8,     9.4,    25.4,    41.3,    17.7,    17.3,,     0.9,     5.6,     1.0,     1.3,     0.8,     0.9,     6.2,    74.1
Positie: alleenstaande <40 jaar,Waarde,2017,    35.9,    14.2,    49.8,    23.2,    64.7,     3.3,     9.3,    33.5,     8.0,    11.6,    43.8,,,,     1.6,    25.5,     8.7,    11.7,     9.7,     8.9,    31.3,    75.8
Positie: alleenstaande 40 tot 65 jaar,Waarde,2017,    35.5,    32.3,    32.2,    29.4,    82.8,     8.6,    24.1,    31.7,    12.4,    34.0,    36.9,    19.5,    18.4,,     1.4,     8.1,     0.6,     1.9,     1.8,     0.8,     8.8,    80.3
Positie: alleenstaande >=65 jaar,Waarde,2017,    15.6,    45.4,    38.9,    13.7,,     4.1,,    14.7,,,,    26.8,    30.4,,     1.1,     0.9,     0.2,     0.2,     0.0,     0.2,     1.3,    74.6
"Positie: kind <18 jaar, eenoudergezin",Waarde,2017,     5.2,     2.5,    92.3,     5.2,,     1.7,,     5.2,,,,,,,,     6.1,     0.9,     0.0,     0.0,     0.9,     6.9,
Positie: kind >= 18 jaar eenoudergezin,Waarde,2017,    30.4,     5.5,    64.1,    20.3,,     0.0,,    28.6,,,,,,,,    22.7,     3.9,     9.0,     2.6,     5.1,    25.7,    72.2
Positie: kind <18 jaar bij paar,Waarde,2017,     6.2,     2.4,    91.4,     3.1,,     0.0,,     6.1,,,,,,,     0.8,     5.7,     0.4,     0.6,     0.2,     1.2,     5.9,
Positie: kind >=18 jaar bij paar,Waarde,2017,    24.3,     8.1,    67.6,    12.8,    52.9,     1.9,     8.0,    22.5,     7.2,     6.6,    35.5,,,,     1.4,    17.1,     2.1,     5.7,     2.7,     4.2,    21.0,    72.7
Positie: ouder in eenoudergezin,Waarde,2017,    37.7,    21.7,    40.6,    32.8,,     6.7,,    36.3,,,,,,,     1.1,     4.4,     0.4,     1.5,     1.2,     0.8,     7.1,    73.9
Positie: partner in paar met kind,Waarde,2017,    20.4,    30.9,    48.7,    15.7,    76.8,     3.3,    16.1,    18.8,    10.3,    25.9,    36.3,    15.6,    14.3,,     1.1,     3.4,     0.4,     0.8,     0.7,     0.6,     4.2,    79.8
"Positie: partner paar <40, geen kind",Waarde,2017,    25.1,    20.0,    54.9,    15.2,    60.6,     2.7,    10.8,    23.4,,,,,,,     1.2,    14.0,     2.9,     7.0,     3.1,     2.1,    17.0,    74.7
"Positie: partner paar 40-65, geen kind",Waarde,2017,    22.4,    41.9,    35.7,    18.7,    83.2,     4.7,    21.1,    20.0,    12.0,    38.3,    34.8,    20.7,    20.9,,     1.4,     2.9,     0.4,     0.9,     0.2,     0.8,     3.8,    79.2
"Positie: partner paar >=65, geen kind",Waarde,2017,    11.0,    57.1,    31.9,     9.7,    88.2,     1.3,    11.7,     9.1,    10.6,    53.8,    32.7,    25.0,    30.3,,     1.5,     0.2,     0.0,     0.0,     0.0,     0.0,     0.2,    78.4
Positie: overig lid,Waarde,2017,    32.8,    18.7,    48.5,    17.7,,     3.1,,    30.8,,,,,,,     1.6,    21.6,     5.6,    11.0,     8.0,     5.6,    25.1,    76.9
Laag onderwijsniveau,Waarde,2017,    25.3,    39.5,    35.2,    22.6,    89.3,     6.0,    23.7,    23.7,    12.5,    35.8,    31.3,    23.3,    23.9,,     1.3,     3.4,     0.4,     0.8,     0.9,     0.2,     4.0,    78.7
Middelbaar onderwijsniveau,Waarde,2017,    25.9,    35.5,    38.6,    20.7,    80.0,     3.8,    14.6,    23.8,    10.7,    28.3,    37.6,    19.4,    19.7,,     1.3,     5.5,     1.1,     1.3,     1.3,     1.0,     6.7,    79.6
Hoog onderwijsniveau,Waarde,2017,    14.8,    32.8,    52.4,     8.6,    58.1,     1.7,    11.8,    12.9,     8.1,    27.4,    43.1,    16.9,    18.9,,     1.2,     5.7,     1.3,     3.3,     1.7,     1.8,     7.9,    77.2
Vermogen: 1e 20%-groep,Waarde,2017,    29.2,    23.9,    46.9,    21.4,    73.3,     3.7,    12.7,    27.4,    10.1,    21.3,    37.9,    16.0,    11.3,,     1.2,    11.7,     2.5,     5.1,     3.4,     2.9,    14.2,    78.9
Vermogen: 2e 20%-groep,Waarde,2017,    32.7,    25.3,    42.1,    27.3,    83.6,     6.8,    21.0,    30.2,    11.8,    27.4,    37.2,    20.2,    16.6,,     1.2,    10.6,     2.2,     2.5,     2.3,     1.6,    12.1,    78.4
Vermogen: 3e 20%-groep,Waarde,2017,    20.1,    29.8,    50.1,    15.1,    75.3,     3.3,    16.4,    18.5,    10.2,    28.8,    32.4,    19.5,    20.8,,     1.2,     4.6,     0.9,     1.7,     0.8,     1.2,     5.8,    77.5
Vermogen: 4e 20%-groep,Waarde,2017,    17.0,    33.8,    49.1,    11.5,    67.7,     2.1,    12.6,    15.2,     9.2,    27.8,    40.0,    20.2,    22.1,,     1.3,     5.4,     0.9,     1.8,     1.1,     1.2,     6.5,    77.3
Vermogen: 5e 20%-groep,Waarde,2017,    12.8,    36.1,    51.1,     8.7,    68.1,     1.6,    12.3,    11.2,     8.9,    30.8,    35.8,    19.7,    25.5,,     1.4,     3.9,     0.6,     1.6,     1.0,     1.4,     5.0,    76.9
Totaal personen,Waarde,2018,    21.0,    30.7,    48.3,    14.9,    71.1,     3.1,    14.6,    19.2,     9.7,    26.8,    38.2,    19.4,    19.9,,     1.2,     7.4,     1.0,     2.6,     1.5,     1.5,     9.2,    78.2
Geslacht: Mannen,Waarde,2018,    23.8,    32.2,    44.0,    17.0,    71.5,     3.7,    15.6,    20.7,    10.4,    26.4,    37.0,    20.4,    19.7,,     1.5,    10.0,     1.4,     3.2,     2.0,     1.9,    11.9,    84.7
Geslacht: Vrouwen,Waarde,2018,    18.2,    29.3,    52.5,    12.9,    70.7,     2.4,    13.3,    17.8,     9.0,    27.2,    39.6,    18.5,    20.1,,     0.8,     4.9,     0.7,     2.1,     0.9,     1.2,     6.5,    71.8
Leeftijd: 0 tot 4 jaar,Waarde,2018,,,,,,,,,,,,,,,,,,,,,,
Leeftijd: 4 tot 12 jaar,Waarde,2018,,,,,,,,,,,,,,,,,,,,,,
Leeftijd: 12 tot 16 jaar,Waarde,2018,     2.3,     1.4,    96.3,     1.4,,     0.0,,     2.3,,,,,,,,     1.8,     0.0,     0.2,     0.0,     0.2,     2.0,
Leeftijd: 16 tot 20 jaar,Waarde,2018,    15.5,     5.3,    79.2,     7.6,,     0.9,,    14.7,,,,,,,     1.0,    17.4,     1.3,     3.1,     0.5,     1.1,    18.0,    69.3
Leeftijd: 20 tot 30 jaar,Waarde,2018,    30.2,    12.7,    57.1,    16.2,    53.6,     1.9,     6.3,    28.5,     6.9,     8.3,    41.7,     6.1,     3.3,,     1.3,    19.0,     3.3,     9.7,     5.2,     5.3,    25.7,    74.6
Leeftijd: 30 tot 40 jaar,Waarde,2018,    26.7,    23.2,    50.1,    18.3,    68.4,     2.9,    11.0,    25.2,     9.0,    17.9,    41.1,    10.9,     7.5,,     1.0,    12.0,     2.2,     4.6,     3.4,     2.8,    14.7,    78.3
Leeftijd: 40 tot 50 jaar,Waarde,2018,    23.9,    28.8,    47.3,    19.0,    79.6,     4.7,    20.0,    22.0,    11.5,    27.9,    37.5,    15.5,    12.2,,     1.1,     5.1,     0.5,     1.4,     0.8,     0.8,     6.5,    80.4
Leeftijd: 50 tot 55 jaar,Waarde,2018,    23.4,    33.2,    43.3,    18.5,    78.9,     4.7,    19.9,    22.0,    11.1,    35.3,    37.6,    19.4,    16.0,,     1.0,     5.2,     0.3,     0.8,     0.7,     0.8,     6.0,    81.2
Leeftijd: 55 tot 65 jaar,Waarde,2018,    23.3,    43.5,    33.2,    18.9,    80.9,     5.2,    22.4,    20.6,    12.1,    42.7,    34.9,    21.5,    22.1,,     1.4,     2.7,     0.4,     0.6,     0.3,     0.5,     3.1,    80.5
Leeftijd: 65 tot 75 jaar,Waarde,2018,    13.9,    56.1,    30.1,    11.2,    80.8,     2.4,    17.1,    11.8,    11.1,    51.6,    29.2,    24.5,    27.3,,     1.4,     1.3,     0.0,     0.0,     0.0,     0.2,     1.5,    78.9
Leeftijd: 75 jaar of ouder,Waarde,2018,     9.7,    49.7,    40.5,     8.0,,     1.0,,     7.9,,,,    26.8,    34.7,,     1.2,     0.7,     0.0,     0.0,     0.0,     0.1,     0.8,    74.6
Leeftijd: 0 tot 12 jaar,Waarde,2018,,,,,,,,,,,,,,,,,,,,,,
Leeftijd: 12 tot 18 jaar,Waarde,2018,     5.8,     1.5,    92.7,     3.1,,     0.4,,     5.3,,,,,,,     0.7,     6.2,     0.0,     0.3,     0.0,     0.3,     6.4,
Leeftijd: 18 jaar of ouder,Waarde,2018,    22.4,    33.4,    44.2,    16.0,    71.6,     3.3,    14.8,    20.5,     9.8,    27.3,    37.9,    19.5,    19.9,,     1.2,     7.5,     1.1,     2.8,     1.6,     1.7,     9.4,    78.2
Herkomst: geboren in Nederland,Waarde,2018,    20.6,    31.8,    47.6,    14.7,    71.1,     3.2,    15.4,    18.8,    10.0,    27.3,    36.8,    19.6,    20.3,,     1.2,     7.0,     1.0,     2.8,     1.5,     1.6,     8.9,    78.8
"Herkomst: geb. in NL, ouders in NL",Waarde,2018,    20.2,    32.7,    47.1,    14.7,    73.1,     3.2,    16.1,    18.4,    10.2,    28.0,    36.7,    19.7,    20.5,,     1.2,     6.6,     1.0,     2.6,     1.3,     1.4,     8.3,    79.0
"Herkomst: geb. in NL, ouder(s) buiten NL",Waarde,2018,    24.0,    24.5,    51.5,    14.2,    59.0,     2.6,    10.9,    21.7,     8.6,    22.4,    37.4,    18.8,    17.4,,     1.2,    10.3,     1.1,     3.8,     2.7,     3.1,    13.5,    76.6
"Herkomst: geb. in NL, ouder(s) in Europa",Waarde,2018,    25.2,    30.1,    44.7,    13.3,,     3.6,,    22.1,,,,,,,     1.3,     9.4,     0.3,     2.8,     1.3,     2.4,    11.6,    76.9
"Herkomst: geb. NL, ouder(s) buit. Europa",Waarde,2018,    23.4,    21.6,    55.0,    14.6,    62.4,     2.1,     9.0,    21.5,,,,    17.4,    13.6,,     1.2,    10.8,     1.5,     4.3,     3.4,     3.5,    14.4,    76.5
Herkomst: geboren buiten Nederland,Waarde,2018,    23.4,    23.7,    52.9,    16.6,    71.2,     2.3,    10.0,    21.9,     8.2,    23.9,    46.2,    18.1,    16.5,,     0.9,    10.0,     1.1,     1.7,     1.7,     1.3,    11.0,    74.6
Herkomst: geboren in Europa (excl. NL),Waarde,2018,    23.0,    32.5,    44.5,    14.9,,     2.5,,    22.7,,,,,,,     1.0,     7.9,     1.0,     2.5,     2.3,     1.6,     9.7,    75.4
Herkomst: geboren buiten Europa,Waarde,2018,    23.5,    20.5,    56.0,    17.3,    73.4,     2.3,     9.7,    21.7,     8.1,    25.0,    43.5,    17.7,    17.6,,     0.8,    10.8,     1.1,     1.4,     1.5,     1.1,    11.4,    74.3
Positie: alleenstaande <40 jaar,Waarde,2018,    35.3,    14.6,    50.1,    22.7,    64.2,     3.6,    10.3,    32.6,     8.7,    12.7,    38.5,,,,     1.5,    27.2,     5.0,    10.8,     8.3,     6.5,    34.3,    76.2
Positie: alleenstaande 40 tot 65 jaar,Waarde,2018,    37.7,    31.7,    30.6,    31.5,    83.7,    10.7,    28.6,    34.7,    13.1,    36.5,    36.0,    21.9,    15.7,,     1.6,    10.9,     0.6,     1.3,     1.3,     1.5,    11.6,    81.1
Positie: alleenstaande >=65 jaar,Waarde,2018,    13.7,    48.2,    38.1,    11.3,,     2.8,,    12.1,,,,    26.8,    29.3,,     1.2,     2.1,     0.0,     0.0,     0.0,     0.3,     2.4,    74.8
"Positie: kind <18 jaar, eenoudergezin",Waarde,2018,     6.5,     1.2,    92.3,     3.1,,     2.2,,     4.7,,,,,,,,     4.4,     0.0,     0.0,     0.0,     0.0,     4.4,
Positie: kind >= 18 jaar eenoudergezin,Waarde,2018,    35.2,    11.2,    53.6,    22.0,,     1.5,,    32.7,,,,,,,,    24.2,     1.9,     5.1,     3.2,     5.1,    28.1,    72.4
Positie: kind <18 jaar bij paar,Waarde,2018,     5.6,     1.6,    92.8,     2.9,,     0.0,,     5.3,,,,,,,     0.6,     6.2,     0.0,     0.4,     0.0,     0.4,     6.4,
Positie: kind >=18 jaar bij paar,Waarde,2018,    24.8,     9.0,    66.2,    12.1,,     0.6,,    23.8,,,,,,,     1.3,    18.5,     1.4,     6.5,     2.3,     3.3,    21.0,    72.5
Positie: ouder in eenoudergezin,Waarde,2018,    34.2,    24.3,    41.5,    26.8,    78.5,     6.7,,    33.2,,,,,,,     0.8,     6.6,     0.3,     1.4,     1.0,     0.8,     8.0,    74.5
Positie: partner in paar met kind,Waarde,2018,    19.5,    30.9,    49.6,    14.4,    74.1,     2.8,    14.2,    17.6,    10.1,    26.3,    37.1,    14.9,    14.0,,     1.0,     3.2,     0.5,     1.5,     0.8,     0.5,     4.3,    80.2
"Positie: partner paar <40, geen kind",Waarde,2018,    25.7,    14.9,    59.4,    13.7,    53.1,     2.6,    10.0,    24.1,     7.2,    11.7,    41.9,,,,     1.1,    12.9,     4.1,     8.6,     4.7,     4.8,    20.3,    76.4
"Positie: partner paar 40-65, geen kind",Waarde,2018,    20.6,    44.9,    34.4,    16.1,    78.1,     3.7,    17.9,    18.9,    11.0,    39.5,    38.6,    20.9,    20.8,,     1.3,     3.1,     0.5,     0.7,     0.3,     0.8,     3.8,    80.3
"Positie: partner paar >=65, geen kind",Waarde,2018,    11.2,    56.7,    32.1,     8.9,    79.6,     1.4,    12.1,     9.0,     9.7,    54.5,    31.3,    24.9,    30.2,,     1.4,     0.5,     0.0,     0.0,     0.0,     0.1,     0.6,    78.5
Positie: overig lid,Waarde,2018,    27.1,    21.3,    51.6,    16.7,,     2.0,,    26.3,,,,,,,     1.4,    17.0,     3.1,     9.7,     3.6,     4.4,    20.8,    77.4
Laag onderwijsniveau,Waarde,2018,    26.4,    39.7,    33.9,    22.4,    84.7,     4.9,    18.7,    24.5,    11.6,    35.9,    31.3,    24.0,    22.8,,     1.3,     5.5,     0.7,     0.8,     1.1,     0.9,     6.3,    78.7
Middelbaar onderwijsniveau,Waarde,2018,    24.5,    36.2,    39.3,    19.0,    77.4,     4.0,    16.5,    22.4,    10.5,    29.2,    40.1,    19.5,    19.4,,     1.2,     5.6,     0.8,     2.0,     1.2,     1.3,     7.0,    80.5
Hoog onderwijsniveau,Waarde,2018,    14.1,    33.6,    52.3,     7.5,    53.1,     1.7,    12.1,    12.2,     8.2,    26.9,    44.4,    16.4,    19.5,,     1.2,     5.9,     1.3,     3.4,     1.9,     1.8,     8.7,    77.4
Vermogen: 1e 20%-groep,Waarde,2018,    29.0,    25.2,    45.8,    20.9,    71.8,     4.1,    14.1,    26.9,     9.6,    20.6,    41.5,    15.7,    11.9,,     1.2,    12.1,     2.1,     5.3,     2.8,     2.8,    15.3,    79.8
Vermogen: 2e 20%-groep,Waarde,2018,    31.4,    26.0,    42.7,    24.5,    78.0,     6.0,    19.2,    29.5,    10.8,    28.7,    36.9,    22.1,    15.3,,     1.2,    10.9,     1.3,     2.7,     1.3,     1.6,    12.5,    78.0
Vermogen: 3e 20%-groep,Waarde,2018,    19.4,    31.7,    48.9,    13.7,    70.8,     2.6,    13.4,    18.4,     9.3,    27.9,    35.7,    20.4,    18.8,,     1.1,     5.8,     0.7,     2.7,     1.2,     1.5,     7.6,    78.7
Vermogen: 4e 20%-groep,Waarde,2018,    15.2,    34.8,    50.0,    10.6,    69.9,     2.2,    14.4,    13.8,     9.6,    31.1,    37.2,    19.8,    22.5,,     1.2,     5.2,     0.6,     1.6,     1.4,     1.1,     6.7,    78.3
Vermogen: 5e 20%-groep,Waarde,2018,    13.6,    34.7,    51.6,     8.2,    60.0,     1.3,     9.8,    11.2,     8.7,    29.9,    39.3,    19.6,    25.8,,     1.2,     4.0,     0.4,     1.3,     0.7,     0.7,     4.9,    76.6
Totaal personen,Waarde,2019,    20.4,    30.1,    49.6,    14.8,    72.8,     2.8,    13.7,    18.6,     9.9,    26.1,    34.2,    19.9,    20.0,77.3,     1.2,     7.1,     1.6,     3.2,     1.7,     1.5,     9.1,    77.9
Geslacht: Mannen,Waarde,2019,    23.7,    31.3,    45.0,    17.0,    71.9,     3.4,    14.3,    20.7,    10.3,    25.1,    32.0,    21.1,    19.8,75.1,     1.5,     9.3,     2.1,     4.2,     2.6,     2.2,    11.5,    84.6
Geslacht: Vrouwen,Waarde,2019,    17.1,    28.8,    54.1,    12.7,    74.0,     2.2,    12.9,    16.6,     9.5,    27.2,    36.9,    18.6,    20.2,79.4,     0.8,     4.8,     1.1,     2.1,     0.9,     0.9,     6.7,    71.5
Leeftijd: 0 tot 4 jaar,Waarde,2019,,,,,,,,,,,,,,94.8,,,,,,,,
Leeftijd: 4 tot 12 jaar,Waarde,2019,,,,,,,,,,,,,,94.2,,,,,,,,
Leeftijd: 12 tot 16 jaar,Waarde,2019,     1.7,     1.4,    96.9,     0.8,,     0.4,,     1.7,,,,,,73.5,,     2.6,     0.0,     0.0,     0.0,     0.3,     2.9,
Leeftijd: 16 tot 20 jaar,Waarde,2019,    15.9,     3.1,    81.0,     8.2,,     0.2,,    14.1,,,,,,53.1,     1.1,    15.8,     1.3,     3.3,     0.9,     2.6,    16.9,    69.1
Leeftijd: 20 tot 30 jaar,Waarde,2019,    30.6,    14.5,    54.9,    17.7,    57.8,     2.5,     8.2,    28.3,     7.8,     8.2,    34.9,     6.3,     3.0,54.2,     1.4,    18.8,     6.0,    12.5,     7.0,     5.4,    25.5,    74.6
Leeftijd: 30 tot 40 jaar,Waarde,2019,    26.0,    22.1,    51.9,    18.3,    70.4,     2.8,    10.9,    24.9,     8.7,    17.8,    40.4,    10.5,     8.0,71.3,     1.0,     9.7,     2.6,     4.9,     2.9,     2.0,    12.9,    78.0
Leeftijd: 40 tot 50 jaar,Waarde,2019,    23.4,    27.6,    49.1,    17.8,    76.3,     3.8,    16.3,    21.9,    10.6,    27.3,    34.2,    15.7,    12.2,77.7,     1.0,     6.3,     1.1,     2.1,     1.3,     1.1,     8.3,    80.3
Leeftijd: 50 tot 55 jaar,Waarde,2019,    23.9,    28.4,    47.7,    19.6,    82.0,     4.6,    19.1,    21.8,    12.5,    35.4,    30.2,    18.3,    17.0,75.9,     1.2,     4.8,     0.3,     1.2,     0.3,     0.5,     5.4,    81.2
Leeftijd: 55 tot 65 jaar,Waarde,2019,    21.0,    41.1,    38.0,    17.2,    82.3,     4.1,    19.6,    18.8,    12.2,    41.9,    30.8,    21.8,    21.6,78.0,     1.3,     3.1,     0.3,     0.3,     0.2,     0.2,     3.6,    80.2
Leeftijd: 65 tot 75 jaar,Waarde,2019,    14.1,    55.6,    30.2,    12.2,    86.1,     2.6,    18.5,    12.1,    12.1,    51.7,    31.3,    24.9,    27.3,85.5,     1.4,     0.6,     0.1,     0.1,     0.0,     0.2,     1.0,    78.0
Leeftijd: 75 jaar of ouder,Waarde,2019,     7.7,    52.7,    39.6,     6.9,,     0.7,,     5.8,,,,    28.7,    33.3,88.7,     1.0,     0.2,     0.0,     0.0,     0.0,     0.4,     0.4,    74.7
Leeftijd: 0 tot 12 jaar,Waarde,2019,,,,,,,,,,,,,,94.4,,,,,,,,
Leeftijd: 12 tot 18 jaar,Waarde,2019,     5.6,     1.9,    92.5,     2.8,,     0.2,,     4.9,,,,,,66.8,     0.6,     5.8,     0.2,     0.6,     0.2,     1.0,     6.6,
Leeftijd: 18 jaar of ouder,Waarde,2019,    21.7,    32.6,    45.7,    15.9,    73.3,     3.0,    13.9,    19.9,    10.0,    26.6,    34.2,    20.0,    20.1,75.0,     1.2,     7.2,     1.7,     3.4,     1.9,     1.6,     9.3,    77.9
Herkomst: geboren in Nederland,Waarde,2019,    19.8,    31.5,    48.7,    14.2,    71.7,     2.6,    13.2,    17.9,    10.0,    26.4,    33.2,    20.0,    20.5,77.7,     1.2,     7.0,     1.7,     3.4,     1.9,     1.6,     9.1,    78.3
"Herkomst: geb. in NL, ouders in NL",Waarde,2019,    19.4,    32.7,    47.9,    14.0,    72.4,     2.5,    13.1,    17.6,    10.0,    26.9,    33.4,    20.1,    20.6,77.9,     1.2,     6.4,     1.7,     3.2,     1.8,     1.5,     8.5,    78.6
"Herkomst: geb. in NL, ouder(s) buiten NL",Waarde,2019,    22.8,    22.8,    54.4,    15.4,    67.7,     3.1,    13.5,    20.3,     9.6,    23.3,    31.8,    18.9,    18.9,76.5,     1.2,    11.0,     1.7,     4.8,     2.3,     2.4,    13.2,    76.5
"Herkomst: geb. in NL, ouder(s) in Europa",Waarde,2019,    24.4,    28.8,    46.8,    17.0,,     4.3,,    22.5,,,,,,80.5,     1.2,     9.8,     2.1,     4.6,     2.1,     2.4,    11.6,    77.9
"Herkomst: geb. NL, ouder(s) buit. Europa",Waarde,2019,    21.9,    19.6,    58.5,    14.6,    66.5,     2.4,    11.0,    19.1,,,,    15.1,    15.9,74.6,     1.2,    11.7,     1.6,     4.9,     2.5,     2.4,    14.1,    75.7
Herkomst: geboren buiten Nederland,Waarde,2019,    24.2,    20.8,    55.1,    18.9,    78.3,     3.9,    16.2,    23.0,     9.8,    24.3,    39.5,    18.9,    15.3,74.2,     1.0,     7.7,     1.0,     1.7,     1.0,     1.0,     9.1,    75.6
Herkomst: geboren in Europa (excl. NL),Waarde,2019,    25.5,    28.3,    46.2,    18.2,,     5.3,,    25.5,,,,,,74.5,     1.0,     6.8,     0.8,     1.5,     0.7,     1.8,     8.7,    76.2
Herkomst: geboren buiten Europa,Waarde,2019,    23.7,    18.0,    58.3,    19.2,    80.9,     3.4,    14.4,    22.1,     9.8,    24.2,    42.2,    20.1,    15.2,74.1,     1.0,     8.1,     1.1,     1.8,     1.1,     0.7,     9.3,    75.4
Positie: alleenstaande <40 jaar,Waarde,2019,    37.3,    13.5,    49.2,    22.3,    59.7,     3.4,     9.1,    34.2,     8.0,    11.3,    31.7,,,56.6,     1.5,    24.7,     9.9,    14.8,     9.9,     7.3,    31.6,    76.7
Positie: alleenstaande 40 tot 65 jaar,Waarde,2019,    34.3,    26.9,    38.8,    29.2,    85.1,     9.9,    29.0,    32.2,    14.1,    36.3,    32.1,    21.7,    15.7,71.2,     1.5,     9.6,     2.0,     1.8,     1.6,     0.7,    11.4,    81.0
Positie: alleenstaande >=65 jaar,Waarde,2019,    13.8,    50.4,    35.9,    12.2,,     2.9,,    11.9,,,,    27.2,    30.1,88.0,     1.2,     1.0,     0.0,     0.0,     0.0,     0.6,     1.4,    74.9
"Positie: kind <18 jaar, eenoudergezin",Waarde,2019,     5.4,     2.3,    92.3,     3.0,,     0.0,,     4.1,,,,,,76.0,,    13.1,     0.0,     0.0,     0.0,     1.2,    13.1,
Positie: kind >= 18 jaar eenoudergezin,Waarde,2019,    29.7,     3.4,    67.0,    18.8,,     2.2,,    26.5,,,,,,51.1,     1.2,    22.4,     3.7,    10.1,     6.5,     6.9,    27.1,    74.9
Positie: kind <18 jaar bij paar,Waarde,2019,     4.9,     2.0,    93.2,     2.3,,     0.3,,     4.6,,,,,,86.4,     0.6,     4.0,     0.0,     0.6,     0.2,     0.6,     4.4,
Positie: kind >=18 jaar bij paar,Waarde,2019,    24.6,     8.4,    67.1,    16.0,,     2.5,,    23.0,,,,,,53.8,     1.4,    16.3,     2.8,     8.2,     3.4,     2.6,    19.8,    73.3
Positie: ouder in eenoudergezin,Waarde,2019,    34.3,    25.0,    40.7,    27.3,,     4.3,,    33.1,,,,,,74.7,     1.1,     8.1,     0.0,     1.5,     1.2,     2.2,    10.8,    75.9
Positie: partner in paar met kind,Waarde,2019,    18.7,    30.6,    50.7,    13.4,    71.5,     1.9,    10.4,    17.2,     9.3,    25.6,    39.4,    16.0,    13.9,78.1,     1.0,     3.7,     0.6,     1.6,     0.7,     0.7,     5.1,    79.5
"Positie: partner paar <40, geen kind",Waarde,2019,    23.8,    20.5,    55.6,    13.8,    57.7,     3.0,    12.8,    22.5,,,,,,62.4,     1.3,    12.2,     3.4,     8.8,     4.2,     2.6,    18.8,    75.7
"Positie: partner paar 40-65, geen kind",Waarde,2019,    20.6,    41.7,    37.8,    17.2,    83.5,     3.3,    16.2,    18.8,    11.5,    37.7,    25.4,    20.2,    21.2,75.5,     1.2,     2.8,     0.2,     0.9,     0.4,     0.3,     3.4,    80.3
"Positie: partner paar >=65, geen kind",Waarde,2019,    10.3,    56.7,    33.0,     8.7,    85.1,     1.2,    11.7,     8.2,    10.8,    54.3,    31.1,    25.7,    29.8,86.3,     1.3,     0.2,     0.1,     0.1,     0.0,     0.1,     0.4,    77.8
Positie: overig lid,Waarde,2019,    28.3,    16.3,    55.4,    16.7,,     1.8,,    25.6,,,,,,68.8,     1.4,    18.9,     5.6,     9.5,     5.2,     5.4,    22.8,    76.1
Laag onderwijsniveau,Waarde,2019,    25.9,    39.1,    34.9,    23.4,    90.2,     5.1,    19.7,    24.6,    12.1,    35.6,    28.7,    25.3,    23.0,79.6,     1.3,     4.2,     0.7,     0.8,     0.6,     0.6,     5.3,    78.6
Middelbaar onderwijsniveau,Waarde,2019,    24.0,    35.6,    40.5,    18.8,    78.5,     3.6,    15.2,    22.1,    10.8,    28.3,    35.1,    19.5,    20.3,74.4,     1.2,     5.8,     1.2,     2.2,     1.8,     1.2,     7.3,    79.9
Hoog onderwijsniveau,Waarde,2019,    13.8,    32.7,    53.5,     7.3,    53.2,     1.4,     9.9,    11.7,     7.4,    24.5,    38.4,    17.3,    18.8,79.6,     1.1,     6.0,     1.7,     3.8,     1.8,     1.4,     8.8,    77.4
Vermogen: 1e 20%-groep,Waarde,2019,    33.2,    20.3,    46.6,    24.4,    73.4,     4.9,    14.7,    30.2,    10.6,    22.7,    36.3,    17.2,    10.8,70.6,     1.3,    13.6,     3.9,     7.0,     4.0,     3.1,    17.9,    80.3
Vermogen: 2e 20%-groep,Waarde,2019,    28.3,    26.5,    45.3,    23.2,    82.1,     4.6,    16.3,    26.3,    11.1,    28.2,    34.0,    21.4,    16.7,74.1,     1.3,     9.1,     1.9,     2.8,     1.6,     1.7,    10.7,    78.0
Vermogen: 3e 20%-groep,Waarde,2019,    18.2,    32.1,    49.7,    13.0,    71.6,     2.2,    12.3,    17.2,     9.1,    25.1,    34.9,    19.8,    18.0,78.3,     1.2,     5.2,     1.1,     2.9,     1.4,     1.4,     7.5,    78.2
Vermogen: 4e 20%-groep,Waarde,2019,    14.5,    35.2,    50.2,    10.0,    68.5,     1.9,    13.0,    13.2,     9.1,    30.8,    29.0,    20.2,    22.0,80.4,     1.1,     4.6,     0.8,     2.0,     0.9,     0.7,     5.7,    77.8
Vermogen: 5e 20%-groep,Waarde,2019,    11.7,    34.5,    53.8,     7.3,    62.2,     1.1,     9.0,    10.0,     8.4,    26.4,    34.7,    20.2,    25.9,80.8,     1.2,     4.1,     0.6,     1.8,     1.2,     1.0,     5.4,    76.3
Totaal personen,Waarde,2020,    18.9,    31.1,    50.0,    13.9,    73.3,     3.0,    15.8,    17.0,    10.1,    26.4,    36.9,    19.5,    20.1,    80.6,     1.1,     7.7,     1.3,     3.0,     1.6,     1.7,     9.9,    77.8
Geslacht: Mannen,Waarde,2020,    21.2,    32.4,    46.4,    15.1,    71.1,     3.5,    16.5,    18.3,    10.4,    26.0,    37.0,    20.3,    20.2,    79.0,     1.4,    10.1,     1.4,     3.4,     1.9,     1.6,    12.1,    84.3
Geslacht: Vrouwen,Waarde,2020,    16.6,    29.8,    53.6,    12.6,    75.9,     2.5,    15.0,    15.8,     9.8,    26.7,    36.7,    18.7,    20.0,    82.2,     0.8,     5.5,     1.2,     2.6,     1.2,     1.7,     7.9,    71.5
Leeftijd: 0 tot 4 jaar,Waarde,2020,,,,,,,,,,,,,,    95.7,,,,,,,,
Leeftijd: 4 tot 12 jaar,Waarde,2020,,,,,,,,,,,,,,    91.8,,,,,,,,
Leeftijd: 12 tot 16 jaar,Waarde,2020,     2.2,     0.8,    97.0,     0.5,,     0.3,,     1.7,,,,,,    80.0,,     3.7,     0.0,     0.2,     0.0,     0.0,     3.7,
Leeftijd: 16 tot 20 jaar,Waarde,2020,    14.6,     3.4,    82.0,     7.7,,     1.2,,    13.3,,,,,,    57.9,     1.1,    18.9,     1.4,     5.7,     2.5,     4.6,    19.7,    69.3
Leeftijd: 20 tot 30 jaar,Waarde,2020,    25.7,    13.3,    61.0,    14.0,    54.7,     2.5,     9.7,    22.4,     7.4,     8.6,    40.8,     5.3,     3.3,    61.8,     1.1,    21.0,     3.7,    10.4,     4.3,     5.0,    27.7,    74.6
Leeftijd: 30 tot 40 jaar,Waarde,2020,    25.6,    24.2,    50.3,    17.1,    66.8,     4.1,    15.9,    23.5,    10.2,    18.3,    39.3,    10.6,     8.0,    76.2,     1.0,    11.5,     2.8,     4.6,     3.7,     2.5,    15.6,    77.9
Leeftijd: 40 tot 50 jaar,Waarde,2020,    23.2,    28.1,    48.7,    18.9,    81.5,     4.3,    18.4,    21.5,    10.8,    25.7,    34.1,    15.2,    12.4,    79.1,     1.0,     5.5,     0.8,     2.0,     1.5,     1.1,     7.3,    80.0
Leeftijd: 50 tot 55 jaar,Waarde,2020,    21.6,    34.1,    44.3,    17.4,    80.6,     5.0,    23.2,    19.5,,,,    18.0,    17.2,    81.7,     0.9,     3.7,     0.2,     0.6,     0.0,     0.8,     4.5,    80.7
Leeftijd: 55 tot 65 jaar,Waarde,2020,    19.1,    43.5,    37.4,    16.8,    87.8,     3.9,    20.3,    17.2,    12.0,    42.2,    38.2,    22.1,    20.9,    82.5,     1.3,     3.0,     0.2,     0.8,     0.1,     0.4,     3.8,    80.4
Leeftijd: 65 tot 75 jaar,Waarde,2020,    14.9,    54.4,    30.8,    13.0,    87.3,     2.4,    15.8,    13.0,    11.2,    52.1,    36.9,    24.9,    27.5,    87.6,     1.4,     1.1,     0.3,     0.0,     0.1,     0.1,     1.7,    78.5
Leeftijd: 75 jaar of ouder,Waarde,2020,     5.6,    52.8,    41.6,     4.6,,     0.2,,     4.7,,,,    27.1,    34.7,    92.2,     1.1,     0.4,     0.5,     0.0,     0.0,     0.2,     1.1,    74.1
Leeftijd: 0 tot 12 jaar,Waarde,2020,,,,,,,,,,,,,,    93.0,,,,,,,,
Leeftijd: 12 tot 18 jaar,Waarde,2020,     4.2,     0.7,    95.1,     2.1,,     0.2,,     3.7,,,,,,    72.4,     0.8,     7.1,     0.6,     1.2,     0.7,     0.9,     7.2,
Leeftijd: 18 jaar of ouder,Waarde,2020,    20.2,    33.7,    46.1,    14.9,    73.7,     3.2,    16.0,    18.2,    10.2,    26.8,    36.8,    19.6,    20.1,    79.1,     1.1,     7.8,     1.3,     3.1,     1.6,     1.7,    10.2,    77.8
Herkomst: geboren in Nederland,Waarde,2020,    18.5,    32.2,    49.3,    13.4,    72.7,     3.0,    16.2,    16.5,    10.3,    26.4,    35.8,    19.6,    20.6,    81.0,     1.1,     7.4,     1.3,     3.1,     1.7,     1.6,     9.8,    78.5
"Herkomst: geb. in NL, ouders in NL",Waarde,2020,    18.2,    33.0,    48.7,    13.3,    73.0,     3.0,    16.7,    16.3,    10.4,    27.0,    35.8,    19.8,    20.9,    81.8,     1.2,     6.8,     1.2,     2.9,     1.6,     1.5,     9.1,    78.8
"Herkomst: geb. in NL, ouder(s) buiten NL",Waarde,2020,    20.2,    26.2,    53.5,    14.3,    70.7,     2.6,    12.9,    18.2,     9.0,    22.4,    35.8,    17.8,    18.1,    76.3,     1.0,    12.2,     2.1,     4.8,     2.1,     2.6,    14.8,    75.7
"Herkomst: geb. in NL, ouder(s) in Europa",Waarde,2020,    21.1,    36.7,    42.2,    13.8,,     3.0,,    18.9,,,,,,    79.9,     1.1,     9.7,     2.0,     3.0,     2.3,     1.6,    13.2,    76.8
"Herkomst: geb. NL, ouder(s) buit. Europa",Waarde,2020,    19.8,    20.5,    59.7,    14.6,,     2.4,,    17.9,,,,,,    74.6,     0.9,    13.6,     2.2,     5.7,     1.9,     3.1,    15.7,    75.0
Herkomst: geboren buiten Nederland,Waarde,2020,    21.7,    24.0,    54.4,    16.5,    76.4,     3.0,    13.8,    20.0,     9.2,    26.1,    42.1,    18.9,    15.7,    77.7,     0.8,     9.7,     1.1,     2.2,     0.8,     1.9,    11.2,    74.0
Herkomst: geboren in Europa (excl. NL),Waarde,2020,    23.3,    32.8,    43.9,    17.7,,     2.0,,    22.9,,,,,,    81.7,     1.0,    13.4,     0.9,     3.0,     1.1,     2.8,    16.2,    73.8
Herkomst: geboren buiten Europa,Waarde,2020,    20.9,    20.1,    59.0,    16.0,,     3.4,,    18.8,,,,    17.5,    16.9,    76.0,     0.8,     8.0,     1.1,     1.8,     0.6,     1.5,     9.0,    74.1
Positie: alleenstaande <40 jaar,Waarde,2020,    30.8,    15.7,    53.5,    16.9,    54.9,     2.8,     9.3,    27.0,,,,,,    65.0,     1.2,    26.8,     6.5,    12.8,     6.7,     8.3,    35.0,    76.3
Positie: alleenstaande 40 tot 65 jaar,Waarde,2020,    35.1,    31.9,    32.9,    30.6,    87.2,     7.4,    21.0,    32.1,    12.5,    33.3,    30.7,    20.6,    15.9,    77.7,     1.3,     8.8,     1.2,     1.4,     1.4,     1.0,    11.1,    80.6
Positie: alleenstaande >=65 jaar,Waarde,2020,    15.1,    46.6,    38.4,    13.2,,     3.3,,    14.1,,,,    26.5,    30.3,    91.0,     1.4,     1.2,     0.5,     0.0,     0.2,     0.0,     1.9,    73.7
"Positie: kind <18 jaar, eenoudergezin",Waarde,2020,,,,,,,,,,,,,,    76.9,,,,,,,,
Positie: kind >= 18 jaar eenoudergezin,Waarde,2020,    27.9,    11.8,    60.3,    20.6,,     3.7,,    23.1,,,,,,,,    24.7,     4.1,    13.8,     4.3,     8.4,    30.4,    76.0
Positie: kind <18 jaar bij paar,Waarde,2020,     2.3,     0.9,    96.8,     0.8,,     0.0,,     1.7,,,,,,    87.6,     0.8,     4.8,     0.2,     0.7,     0.4,     0.4,     5.0,
Positie: kind >=18 jaar bij paar,Waarde,2020,    20.7,     5.8,    73.4,     9.7,,     2.0,,    17.8,,,,,,    56.8,     1.2,    19.3,     1.3,     7.6,     2.1,     2.6,    23.2,    73.6
Positie: ouder in eenoudergezin,Waarde,2020,    34.5,    25.7,    39.8,    26.6,,     4.6,,    34.2,,,,,,    78.7,     1.0,     6.3,     1.0,     3.8,     1.0,     1.8,     9.7,    76.5
Positie: partner in paar met kind,Waarde,2020,    15.9,    32.5,    51.6,    11.9,    74.5,     2.8,    17.8,    14.4,    10.2,    26.6,    35.1,    15.7,    14.9,    81.6,     0.9,     3.0,     0.5,     1.2,     0.6,     0.4,     4.2,    79.6
"Positie: partner paar <40, geen kind",Waarde,2020,    27.8,    19.0,    53.2,    16.9,    60.7,     3.4,    12.1,    25.3,,,,,,    68.0,     1.1,    16.9,     2.8,     6.9,     5.8,     3.8,    24.3,    76.2
"Positie: partner paar 40-65, geen kind",Waarde,2020,    17.1,    44.2,    38.8,    15.1,    88.7,     4.4,    25.6,    15.6,    12.7,    38.6,    30.4,    20.8,    20.4,    84.0,     1.2,     3.5,     0.2,     0.9,     0.4,     1.2,     4.0,    80.2
"Positie: partner paar >=65, geen kind",Waarde,2020,     8.5,    58.5,    32.9,     7.4,    86.2,     0.5,     5.9,     6.7,,,,    25.6,    30.5,    89.0,     1.2,     0.7,     0.1,     0.0,     0.0,     0.3,     1.0,    78.2
Positie: overig lid,Waarde,2020,    30.3,    18.8,    50.8,    21.1,,     4.7,,    27.8,,,,,,    65.2,     1.0,    16.6,     4.1,     7.8,     4.3,     3.8,    20.3,    75.3
Laag onderwijsniveau,Waarde,2020,    23.6,    41.0,    35.4,    20.8,    88.3,     5.5,    23.3,    22.1,    12.9,    35.9,    31.5,    23.9,    23.9,    83.9,     1.2,     4.7,     0.8,     0.4,     0.5,     0.4,     5.3,    78.0
Middelbaar onderwijsniveau,Waarde,2020,    23.4,    37.7,    38.9,    17.7,    75.4,     3.3,    14.1,    20.9,    10.1,    27.2,    37.0,    20.1,    19.8,    79.1,     1.1,     6.2,     1.3,     2.4,     1.7,     1.7,     8.6,    79.9
Hoog onderwijsniveau,Waarde,2020,    13.5,    32.8,    53.8,     8.5,    63.4,     1.9,    14.3,    11.8,     8.5,    25.5,    44.3,    16.4,    19.2,    83.1,     1.0,     5.7,     1.3,     3.3,     1.8,     1.6,     8.6,    77.4
Vermogen: 1e 20%-groep,Waarde,2020,    28.1,    26.9,    45.0,    19.7,    70.2,     5.3,    18.9,    25.7,    10.3,    23.0,    39.1,    16.3,    12.9,    73.0,     1.2,    11.7,     2.6,     5.0,     3.2,     3.4,    15.7,    79.0
Vermogen: 2e 20%-groep,Waarde,2020,    27.5,    27.2,    45.3,    22.3,    81.0,     5.6,    20.3,    25.0,    11.7,    29.2,    35.2,    22.1,    17.7,    76.0,     1.0,    10.8,     1.8,     3.9,     1.7,     1.6,    12.9,    77.4
Vermogen: 3e 20%-groep,Waarde,2020,    16.7,    30.5,    52.8,    12.9,    77.1,     2.7,    16.3,    14.7,    10.1,    25.5,    34.7,    19.0,    18.7,    83.3,     1.0,     6.2,     1.1,     2.3,     1.5,     1.1,     8.3,    78.6
Vermogen: 4e 20%-groep,Waarde,2020,    15.4,    35.6,    49.0,    10.6,    69.1,     1.8,    11.6,    13.8,     9.1,    27.8,    39.6,    20.4,    22.0,    83.2,     1.0,     5.5,     0.5,     2.2,     0.8,     1.2,     7.2,    78.2
Vermogen: 5e 20%-groep,Waarde,2020,    10.4,    34.4,    55.3,     6.9,    66.4,     0.8,     7.8,     9.0,     8.2,    29.4,    34.7,    19.6,    25.4,    84.4,     1.2,     5.0,     0.8,     2.0,     0.9,     1.2,     6.4,    76.7
Totaal personen,Waarde,2021,    19.4,    30.0,    50.6,    14.2,    73.0,     2.5,    13.1,    16.7,     9.8,    26.7,    32.6,    19.5,    20.7,    82.9,     1.1,     7.9,     1.2,     2.9,     1.9,     2.2,    10.0,    78.1
Geslacht: Mannen,Waarde,2021,    23.1,    31.6,    45.3,    16.9,    73.3,     3.3,    14.5,    18.9,    10.4,    26.2,    33.7,    20.4,    20.3,    81.0,     1.3,    10.4,     1.4,     3.5,     2.6,     2.9,    12.6,    84.4
Geslacht: Vrouwen,Waarde,2021,    15.8,    28.4,    55.8,    11.5,    72.5,     1.8,    11.2,    14.5,     9.0,    27.4,    31.1,    18.6,    21.1,    84.7,     0.8,     5.5,     1.0,     2.4,     1.2,     1.6,     7.4,    72.0
Leeftijd: 0 tot 4 jaar,Waarde,2021,,,,,,,,,,,,,,    96.1,,,,,,,,
Leeftijd: 4 tot 12 jaar,Waarde,2021,,,,,,,,,,,,,,    93.4,,,,,,,,
Leeftijd: 12 tot 16 jaar,Waarde,2021,     2.3,     0.9,    96.8,     2.0,,     0.2,,     2.3,,,,,,    80.4,,     1.3,     0.0,     0.0,     0.0,     0.3,     1.6,
Leeftijd: 16 tot 20 jaar,Waarde,2021,    19.0,     2.0,    78.9,     8.0,,     1.4,,    16.1,,,,,,    60.5,     1.1,    19.1,     0.8,     4.1,     1.2,     2.4,    20.1,    71.7
Leeftijd: 20 tot 30 jaar,Waarde,2021,    27.0,    14.9,    58.1,    14.7,    54.3,     1.7,     6.5,    23.5,     7.4,     7.8,    41.2,     5.9,     3.3,    64.9,     1.2,    23.5,     4.3,    11.9,     6.2,     7.7,    29.1,    75.0
Leeftijd: 30 tot 40 jaar,Waarde,2021,    24.1,    21.3,    54.5,    16.9,    69.9,     2.6,    10.8,    20.2,     9.5,    17.6,    34.1,    10.0,     7.5,    79.3,     0.9,    11.3,     2.0,     3.8,     4.0,     3.3,    15.0,    78.2
Leeftijd: 40 tot 50 jaar,Waarde,2021,    21.1,    29.0,    49.9,    16.8,    79.7,     3.6,    17.0,    19.3,     9.9,    27.3,    34.3,    15.0,    12.9,    82.1,     1.0,     5.4,     1.0,     1.9,     1.5,     2.1,     7.7,    79.9
Leeftijd: 50 tot 55 jaar,Waarde,2021,    22.3,    29.6,    48.1,    17.4,    78.1,     4.0,    17.7,    19.6,,,,    18.6,    16.4,    84.2,     1.0,     4.9,     0.2,     0.8,     0.4,     0.9,     6.2,    81.3
Leeftijd: 55 tot 65 jaar,Waarde,2021,    20.3,    39.9,    39.8,    17.1,    84.3,     3.8,    18.7,    16.9,    12.3,    41.8,    21.3,    22.5,    21.1,    85.3,     1.1,     2.4,     0.2,     0.3,     0.5,     0.3,     3.3,    80.7
Leeftijd: 65 tot 75 jaar,Waarde,2021,    14.0,    54.8,    31.2,    13.1,    93.5,     2.0,    14.1,    12.4,    12.0,    51.6,    25.9,    24.7,    27.7,    91.1,     1.3,     0.9,     0.1,     0.0,     0.1,     0.2,     1.3,    78.6
Leeftijd: 75 jaar of ouder,Waarde,2021,    10.4,    50.7,    38.9,     8.9,,     1.5,,     7.6,,,,    25.7,    36.1,    91.1,     1.1,     0.2,     0.0,     0.0,     0.0,     0.4,     0.5,    73.8
Leeftijd: 0 tot 12 jaar,Waarde,2021,,,,,,,,,,,,,,    94.2,,,,,,,,
Leeftijd: 12 tot 18 jaar,Waarde,2021,     6.4,     0.8,    92.8,     2.5,,     0.4,,     5.0,,,,,,    74.4,     0.8,     6.7,     0.2,     1.0,     0.2,     0.8,     6.8,
Leeftijd: 18 jaar of ouder,Waarde,2021,    20.6,    32.6,    46.9,    15.2,    73.9,     2.7,    13.3,    17.7,     9.9,    27.4,    32.2,    19.6,    20.7,    81.6,     1.1,     8.0,     1.3,     3.1,     2.0,     2.4,    10.2,    78.1
Herkomst: geboren in Nederland,Waarde,2021,    18.6,    31.1,    50.3,    13.2,    70.9,     2.5,    13.4,    16.0,     9.9,    27.1,    30.9,    19.7,    21.1,    83.5,     1.1,     7.8,     1.2,     3.2,     2.1,     2.5,    10.0,    78.7
"Herkomst: geb. in NL, ouders in NL",Waarde,2021,    18.2,    32.1,    49.7,    12.9,    70.6,     2.5,    13.7,    15.7,    10.0,    28.0,    31.1,    19.9,    21.5,    83.3,     1.1,     7.1,     1.1,     2.9,     1.9,     2.2,     9.2,    78.8
"Herkomst: geb. in NL, ouder(s) buiten NL",Waarde,2021,    21.5,    24.1,    54.4,    15.7,    72.7,     2.4,    11.3,    17.7,     8.8,    21.4,    29.5,    17.8,    17.9,    84.6,     1.2,    13.0,     1.9,     5.1,     3.3,     4.7,    15.9,    78.0
"Herkomst: geb. in NL, ouder(s) in Europa",Waarde,2021,    22.1,    30.4,    47.5,    17.7,,     3.9,,    17.7,,,,,,    82.0,     1.3,    10.5,     1.4,     3.2,     0.8,     3.5,    12.6,    79.9
"Herkomst: geb. NL, ouder(s) buit. Europa",Waarde,2021,    21.3,    20.8,    58.0,    14.6,,     1.7,,    17.7,,,,    16.9,    13.1,    85.8,     1.1,    14.3,     2.2,     6.2,     4.6,     5.4,    17.7,    77.0
Herkomst: geboren buiten Nederland,Waarde,2021,    24.2,    23.2,    52.6,    20.0,    82.7,     2.9,    12.0,    21.0,     9.5,    25.2,    40.3,    18.3,    16.5,    79.1,     0.9,     8.4,     0.8,     1.2,     0.7,     0.7,     9.4,    75.0
Herkomst: geboren in Europa (excl. NL),Waarde,2021,    30.6,    26.8,    42.6,    23.7,,     3.5,,    26.6,,,,,,    78.8,     0.9,    13.4,     1.8,     2.5,     1.0,     1.2,    15.6,    75.8
Herkomst: geboren buiten Europa,Waarde,2021,    21.6,    21.7,    56.7,    18.5,,     2.6,,    18.7,,,,    18.3,    16.6,    79.2,     0.9,     6.3,     0.3,     0.7,     0.6,     0.5,     6.9,    74.6
Positie: alleenstaande <40 jaar,Waarde,2021,    29.9,    17.0,    53.1,    18.0,,     3.2,,    26.3,,,,,,    64.4,     1.2,    28.6,     6.0,    16.0,     9.8,    11.6,    37.3,    77.1
Positie: alleenstaande 40 tot 65 jaar,Waarde,2021,    31.8,    31.4,    36.8,    26.4,    83.1,     7.3,    22.8,    25.8,,,,    22.8,    16.0,    80.6,     1.4,     9.0,     1.3,     1.9,     1.2,     1.8,    11.3,    81.7
Positie: alleenstaande >=65 jaar,Waarde,2021,    14.0,    45.1,    40.9,    12.8,,     2.3,,    12.4,,,,    25.6,    31.3,    90.7,     1.1,     0.8,     0.0,     0.0,     0.2,     0.5,     1.5,    74.1
"Positie: kind <18 jaar, eenoudergezin",Waarde,2021,,,,,,,,,,,,,,    82.4,,,,,,,,
Positie: kind >= 18 jaar eenoudergezin,Waarde,2021,,,,,,,,,,,,,,,,,,,,,,
Positie: kind <18 jaar bij paar,Waarde,2021,     5.3,     0.9,    93.8,     2.0,,     0.5,,     4.1,,,,,,    88.2,     0.9,     5.8,     0.0,     0.7,     0.0,     1.0,     6.1,
Positie: kind >=18 jaar bij paar,Waarde,2021,    23.1,     9.4,    67.5,    11.9,,     0.3,,    21.9,,,,,,    63.0,     1.3,    17.9,     1.7,     5.6,     3.5,     4.6,    20.5,    74.3
Positie: ouder in eenoudergezin,Waarde,2021,    25.6,    32.1,    42.3,    19.1,,     2.9,,    24.5,,,,,,    72.0,     0.9,     6.6,     0.0,     1.7,     1.2,     2.4,     9.1,    77.1
Positie: partner in paar met kind,Waarde,2021,    17.1,    28.9,    54.0,    12.6,    73.9,     2.1,    12.1,    14.9,    10.2,    26.9,    29.6,    15.1,    15.5,    84.6,     0.9,     3.3,     0.5,     0.9,     1.2,     0.7,     4.8,    80.1
"Positie: partner paar <40, geen kind",Waarde,2021,    24.1,    21.4,    54.6,    15.3,,     2.4,,    19.8,,,,,,    75.4,     1.0,    18.6,     2.3,     7.1,     4.0,     5.8,    23.4,    77.0
"Positie: partner paar 40-65, geen kind",Waarde,2021,    19.6,    40.5,    39.9,    17.0,    86.9,     3.4,    17.5,    17.1,    12.2,    39.2,    27.2,    21.7,    19.7,    84.0,     1.1,     2.8,     0.4,     0.4,     0.6,     0.6,     3.8,    80.2
"Positie: partner paar >=65, geen kind",Waarde,2021,    11.6,    56.9,    31.5,    10.5,    90.4,     1.4,    12.4,     9.3,    11.9,    53.3,    22.4,    24.8,    31.3,    91.9,     1.3,     0.6,     0.1,     0.0,     0.0,     0.2,     0.8,    77.7
Positie: overig lid,Waarde,2021,    30.5,    16.7,    52.9,    18.0,,     2.7,,    25.4,,,,,,    72.7,     1.4,    20.3,     6.3,    12.1,     5.8,     5.3,    25.7,    75.5
Laag onderwijsniveau,Waarde,2021,    23.6,    38.7,    37.7,    21.4,    90.5,     4.5,    18.9,    21.3,    12.2,    37.4,    28.2,    23.7,    23.7,    83.7,     1.1,     3.6,     0.5,     0.8,     0.7,     0.8,     4.5,    77.9
Middelbaar onderwijsniveau,Waarde,2021,    22.8,    37.8,    39.4,    17.7,    77.7,     2.8,    12.1,    20.5,    10.0,    29.2,    34.6,    20.4,    20.8,    81.3,     1.1,     6.7,     1.0,     2.1,     1.4,     1.4,     8.6,    80.7
Hoog onderwijsniveau,Waarde,2021,    14.2,    30.5,    55.3,     8.6,    60.9,     1.8,    12.7,    10.6,     8.8,    27.0,    29.8,    16.6,    19.8,    86.0,     1.0,     6.7,     1.4,     3.6,     2.8,     2.9,     9.6,    77.8
Vermogen: 1e 20%-groep,Waarde,2021,    30.2,    22.7,    47.1,    24.0,    79.4,     5.1,    16.7,    26.8,    10.6,    23.4,    36.1,    17.0,    12.7,    75.2,     1.2,    15.7,     3.3,     5.7,     4.1,     3.8,    18.9,    78.6
Vermogen: 2e 20%-groep,Waarde,2021,    26.8,    30.3,    43.0,    20.1,    75.2,     4.3,    16.1,    23.8,    11.1,    28.6,    37.1,    21.5,    19.7,    80.7,     1.1,     9.5,     0.9,     2.9,     2.0,     2.5,    11.8,    78.3
Vermogen: 3e 20%-groep,Waarde,2021,    18.7,    29.2,    52.1,    14.1,    75.2,     1.7,     8.9,    16.9,     9.1,    26.5,    28.1,    19.5,    18.2,    85.1,     1.0,     6.4,     0.7,     2.7,     1.6,     1.8,     8.3,    79.2
Vermogen: 4e 20%-groep,Waarde,2021,    14.1,    33.8,    52.0,     9.1,    64.2,     1.4,    10.0,    11.3,     8.5,    29.9,    32.1,    20.1,    22.6,    84.8,     1.1,     5.1,     0.7,     1.5,     1.2,     1.5,     6.6,    78.4
Vermogen: 5e 20%-groep,Waarde,2021,    11.3,    33.0,    55.7,     7.2,    64.0,     1.2,    10.8,     8.6,     8.6,    29.2,    19.6,    19.3,    25.7,    85.8,     1.2,     4.1,     0.5,     2.2,     1.1,     2.0,     5.8,    76.8
Totaal personen,Waarde,2022,    17.9,    30.3,    51.7,    12.3,    68.6,     2.3,    12.6,    15.5,     9.3,    25.4,    36.9,    20.0,    20.9,    83.9,     1.1,     7.7,     1.3,     3.7,     2.2,     2.3,    10.0,    78.5
Geslacht: Mannen,Waarde,2022,    21.3,    30.6,    48.0,    14.4,    67.7,     2.9,    13.5,    17.8,     9.8,    24.6,    36.2,    21.3,    20.5,    82.6,     1.4,    10.5,     1.8,     4.5,     3.1,     2.8,    13.2,    85.3
Geslacht: Vrouwen,Waarde,2022,    14.6,    30.0,    55.4,    10.2,    69.9,     1.6,    11.3,    13.2,     8.8,    26.4,    37.9,    18.7,    21.2,    85.2,     0.7,     5.0,     0.8,     2.9,     1.4,     1.7,     6.9,    71.8
Leeftijd: 0 tot 4 jaar,Waarde,2022,,,,,,,,,,,,,,    96.4,,,,,,,,
Leeftijd: 4 tot 12 jaar,Waarde,2022,,,,,,,,,,,,,,    95.6,,,,,,,,
Leeftijd: 12 tot 16 jaar,Waarde,2022,     2.9,     0.9,    96.2,     0.9,,     0.0,,     1.9,,,,,,    80.9,,     2.8,     0.0,     0.0,     0.0,     0.2,     2.8,
Leeftijd: 16 tot 20 jaar,Waarde,2022,    18.5,     4.3,    77.2,     6.5,,     1.1,,    16.8,,,,,,    59.4,     1.2,    19.8,     1.0,     6.7,     2.4,     3.7,    21.6,    69.7
Leeftijd: 20 tot 30 jaar,Waarde,2022,    27.8,    11.2,    61.0,    15.5,    55.7,     2.3,     8.5,    24.8,     7.0,     8.2,    40.5,     6.1,     3.2,    65.4,     1.2,    21.8,     4.7,    13.3,     8.2,     7.8,    29.1,    74.5
Leeftijd: 30 tot 40 jaar,Waarde,2022,    21.3,    22.6,    56.1,    13.9,    65.0,     2.8,    13.1,    18.8,     8.9,    17.2,    34.9,    10.5,     7.9,    78.8,     0.9,    10.6,     2.5,     6.4,     3.5,     3.2,    15.2,    78.5
Leeftijd: 40 tot 50 jaar,Waarde,2022,    20.0,    29.6,    50.4,    15.0,    74.8,     2.9,    14.6,    17.4,    10.8,    26.4,    35.0,    14.8,    13.5,    85.5,     0.9,     5.6,     0.7,     2.0,     2.0,     1.6,     7.6,    80.9
Leeftijd: 50 tot 55 jaar,Waarde,2022,    20.6,    32.6,    46.8,    16.9,    82.0,     3.4,    16.4,    16.9,    10.9,    34.2,    34.5,    18.6,    16.2,    84.2,     1.1,     5.0,     0.5,     0.8,     1.0,     1.4,     5.6,    81.8
Leeftijd: 55 tot 65 jaar,Waarde,2022,    18.7,    39.8,    41.5,    14.8,    79.5,     3.1,    16.6,    16.2,    11.8,    42.5,    36.6,    21.7,    21.8,    87.0,     1.1,     2.6,     0.3,     0.6,     0.2,     0.6,     3.3,    81.6
Leeftijd: 65 tot 75 jaar,Waarde,2022,    12.2,    55.4,    32.4,    10.2,    83.5,     1.8,    15.3,    10.2,    11.0,    51.6,    29.9,    25.1,    27.9,    89.8,     1.2,     0.9,     0.0,     0.1,     0.1,     0.1,     1.2,    78.6
Leeftijd: 75 jaar of ouder,Waarde,2022,     6.5,    51.9,    41.7,     5.1,,     0.4,,     4.4,,,,    27.6,    34.3,    93.6,     1.1,     0.4,     0.0,     0.0,     0.0,     0.1,     0.5,    75.0
Leeftijd: 0 tot 12 jaar,Waarde,2022,,,,,,,,,,,,,,    95.8,,,,,,,,
Leeftijd: 12 tot 18 jaar,Waarde,2022,     6.6,     1.6,    91.8,     2.3,,     0.0,,     5.1,,,,,,    74.8,     0.8,     7.0,     0.1,     1.1,     0.3,     0.8,     7.2,
Leeftijd: 18 jaar of ouder,Waarde,2022,    18.9,    32.8,    48.4,    13.1,    69.6,     2.4,    13.0,    16.4,     9.5,    26.0,    36.4,    20.1,    20.9,    82.6,     1.1,     7.8,     1.4,     3.9,     2.4,     2.4,    10.3,    78.5
Herkomst: geboren in Nederland,Waarde,2022,    17.3,    31.8,    51.0,    11.7,    67.6,     2.2,    12.7,    14.9,     9.3,    25.5,    37.0,    20.2,    21.4,    84.3,     1.1,     7.5,     1.4,     3.9,     2.3,     2.2,    10.1,    79.1
"Herkomst: geb. in NL, ouders in NL",Waarde,2022,    16.6,    33.2,    50.2,    11.2,    67.6,     2.1,    12.5,    14.3,     9.3,    26.2,    36.8,    20.6,    21.6,    84.6,     1.1,     7.1,     1.3,     3.6,     2.3,     2.1,     9.4,    79.3
"Herkomst: geb. in NL, ouder(s) buiten NL",Waarde,2022,    21.9,    21.7,    56.4,    14.7,    67.7,     3.1,    14.2,    18.6,     9.6,    22.3,    37.9,    16.5,    19.5,    82.7,     1.0,    10.8,     2.1,     5.7,     3.0,     3.1,    14.5,    77.5
"Herkomst: geb. in NL, ouder(s) in Europa",Waarde,2022,    19.8,    29.6,    50.6,    13.8,,     1.6,,    16.5,,,,,,    85.3,     1.0,     8.8,     2.6,     6.1,     3.4,     2.5,    13.0,    78.2
"Herkomst: geb. NL, ouder(s) buit. Europa",Waarde,2022,    22.9,    17.7,    59.3,    15.2,    66.7,     3.8,    16.7,    19.6,,,,    14.3,    15.1,    81.4,     1.0,    11.8,     1.8,     5.5,     2.8,     3.3,    15.2,    77.1
Herkomst: geboren buiten Nederland,Waarde,2022,    21.8,    22.0,    56.1,    16.0,    73.3,     2.6,    12.2,    19.0,     9.4,    24.6,    36.7,    18.0,    16.3,    81.3,     0.8,     8.8,     0.8,     2.4,     1.7,     2.6,     9.9,    74.8
Herkomst: geboren in Europa (excl. NL),Waarde,2022,    23.5,    29.6,    46.9,    15.3,,     3.0,,    21.2,,,,,,    83.7,     1.0,    13.1,     2.1,     3.5,     3.2,     3.7,    14.2,    75.3
Herkomst: geboren buiten Europa,Waarde,2022,    21.1,    18.8,    60.1,    16.2,    77.0,     2.5,    11.8,    18.0,     9.6,    24.6,    36.9,    18.7,    16.6,    80.3,     0.7,     7.0,     0.2,     2.0,     1.0,     2.1,     8.0,    74.6
Positie: alleenstaande <40 jaar,Waarde,2022,    33.8,    13.5,    52.7,    19.4,    57.3,     2.8,     8.2,    29.3,     7.3,    10.5,    43.5,,,    67.6,     1.4,    26.4,     7.2,    17.1,    11.2,    11.2,    34.6,    75.3
Positie: alleenstaande 40 tot 65 jaar,Waarde,2022,    33.0,    29.6,    37.4,    27.4,    83.1,     4.4,    13.3,    29.5,    11.7,    36.1,    37.8,    21.4,    17.5,    85.1,     1.2,    10.2,     1.0,     2.3,     2.2,     2.5,    12.2,    80.1
Positie: alleenstaande >=65 jaar,Waarde,2022,    12.4,    50.3,    37.3,    10.9,,     2.3,,    10.3,,,,    27.4,    29.9,    92.3,     1.0,     1.1,     0.0,     0.0,     0.0,     0.1,     1.2,    75.2
"Positie: kind <18 jaar, eenoudergezin",Waarde,2022,    12.6,     1.0,    86.4,     5.4,,     0.0,,     9.5,,,,,,    82.0,,    10.7,     0.0,     2.6,     0.0,     1.6,    11.4,
Positie: kind >= 18 jaar eenoudergezin,Waarde,2022,    30.3,     7.7,    62.1,    19.8,,     3.6,,    29.5,,,,,,,,    28.2,     2.6,     7.4,     4.7,     7.0,    31.9,    76.2
Positie: kind <18 jaar bij paar,Waarde,2022,     5.6,     1.4,    93.0,     1.7,,     0.0,,     4.4,,,,,,    90.1,     0.7,     5.9,     0.0,     0.4,     0.2,     0.5,     6.1,
Positie: kind >=18 jaar bij paar,Waarde,2022,    21.1,     5.4,    73.6,    10.1,,     1.1,,    18.7,,,,,,    65.6,     1.2,    17.1,     2.1,     8.8,     3.4,     3.3,    21.1,    73.3
Positie: ouder in eenoudergezin,Waarde,2022,    22.8,    32.4,    44.8,    18.0,,     5.4,,    21.2,,,,,,    86.9,     0.8,     5.5,     0.0,     1.9,     0.9,     0.7,     6.4,    75.1
Positie: partner in paar met kind,Waarde,2022,    16.3,    29.6,    54.1,    11.6,    71.1,     2.7,    16.3,    13.9,    10.3,    27.0,    33.5,    14.8,    15.2,    83.7,     0.9,     3.1,     0.4,     1.1,     1.1,     0.5,     4.4,    81.3
"Positie: partner paar <40, geen kind",Waarde,2022,    22.6,    20.8,    56.6,    11.6,    51.2,     1.8,     8.1,    20.3,,,,,,    71.3,     1.1,    17.8,     4.9,    13.3,     7.5,     7.7,    26.9,    77.5
"Positie: partner paar 40-65, geen kind",Waarde,2022,    16.6,    42.1,    41.2,    12.8,    77.0,     2.3,    13.8,    13.6,    10.6,    38.8,    33.8,    21.7,    20.1,    86.7,     1.1,     3.0,     0.4,     0.9,     0.7,     1.7,     4.2,    81.0
"Positie: partner paar >=65, geen kind",Waarde,2022,     8.1,    57.0,    35.0,     6.3,    78.2,     0.7,     8.4,     6.0,,,,    25.4,    31.0,    91.4,     1.2,     0.4,     0.0,     0.1,     0.1,     0.1,     0.7,    77.7
Positie: overig lid,Waarde,2022,    23.1,    18.0,    58.8,    17.2,,     4.1,,    21.6,,,,,,    72.0,     0.9,    16.8,     2.6,     8.2,     3.4,     2.9,    21.1,    77.0
Laag onderwijsniveau,Waarde,2022,    22.4,    40.2,    37.4,    19.5,    87.3,     4.2,    18.7,    19.7,    11.5,    36.1,    34.5,    24.8,    23.8,    84.2,     1.1,     4.8,     0.6,     0.8,     1.0,     0.6,     5.4,    79.0
Middelbaar onderwijsniveau,Waarde,2022,    20.3,    38.2,    41.5,    15.1,    74.2,     2.9,    14.2,    17.5,    10.8,    28.6,    36.6,    19.9,    21.0,    83.2,     1.0,     5.2,     0.9,     2.3,     1.4,     1.2,     7.1,    81.3
Hoog onderwijsniveau,Waarde,2022,    13.0,    31.1,    55.9,     7.2,    55.1,     1.0,     7.8,    10.8,     7.1,    24.6,    36.4,    17.2,    20.0,    87.2,     1.0,     6.6,     1.7,     4.6,     2.8,     2.9,    10.1,    77.4
Vermogen: 1e 20%-groep,Waarde,2022,    30.7,    22.4,    46.9,    22.6,    73.8,     4.3,    14.2,    27.2,    10.1,    21.9,    39.8,    18.2,    13.5,    77.5,     1.2,    16.1,     3.2,     7.9,     4.8,     5.0,    19.8,    79.0
Vermogen: 2e 20%-groep,Waarde,2022,    24.6,    29.0,    46.5,    17.9,    72.8,     3.1,    12.5,    21.8,     9.7,    28.6,    38.2,    23.8,    19.9,    79.4,     1.0,     8.4,     1.0,     3.0,     1.9,     2.7,    10.2,    78.9
Vermogen: 3e 20%-groep,Waarde,2022,    16.6,    29.7,    53.7,    11.8,    71.4,     2.2,    13.2,    14.9,     9.6,    24.9,    36.1,    19.2,    17.4,    84.4,     0.9,     6.1,     0.9,     2.7,     1.7,     1.5,     8.5,    79.9
Vermogen: 4e 20%-groep,Waarde,2022,    11.8,    35.3,    52.9,     7.4,    63.0,     1.4,    11.7,     9.8,     8.5,    28.8,    35.6,    20.7,    22.7,    86.5,     1.0,     4.6,     0.6,     2.1,     1.1,     0.7,     5.9,    78.9
Vermogen: 5e 20%-groep,Waarde,2022,    10.5,    33.5,    56.0,     5.7,    54.4,     1.0,     9.3,     7.9,     7.8,    25.5,    31.5,    18.6,    26.2,    88.1,     1.2,     5.3,     1.0,     3.3,     2.1,     2.1,     7.5,    76.7
